INSERT INTO `command` VALUES ('vip', '1', 'Syntax: .vip');
INSERT INTO `command` VALUES ('vip summon', '1', 'Syntax: .vip summon');
INSERT INTO `command` VALUES ('vip appear', '1', 'Syntax: .vip appear');
INSERT INTO `command` VALUES ('vip instance', '1', 'Syntax: .vip instance');
INSERT INTO `command` VALUES ('vip changerace', '1', 'Syntax: .vip changerace');
INSERT INTO `command` VALUES ('vip activate', '1', 'Syntax: .vip activate');
INSERT INTO `command` VALUES ('vip changefaction', '1', 'Syntax: .vip changefaction');
INSERT INTO `command` VALUES ('vip maxskills', '1', 'Syntax: .vip maxskills');
INSERT INTO `command` VALUES ('vip customize', '1', 'Syntax: .vip customize');
INSERT INTO `command` VALUES ('vip respawn', '7', 'Syntax: .vip respawn');


INSERT INTO `rbac_default_permissions` (`secId`, `permissionId`, `realmId`) VALUES
	(7, 190, -1),
	(2, 191, -1),
	(3, 191, -1),
	(4, 191, -1),
	(7, 192, -1),
	(8, 192, -1),
	(9, 192, -1),
	(4, 193, -1),
	(5, 193, -1),
	(6, 193, -1),
	(1, 194, -1),
	(0, 195, -1);


INSERT INTO `rbac_linked_permissions` (`id`, `linkedId`) VALUES
	(190, 21),
	(190, 42),
	(190, 43),
	(190, 193),
	(190, 196),
	(190, 483),
	(190, 488),
	(190, 498),
	(190, 573),
	(190, 577),
	(190, 778),
	(190, 779),
	(190, 780),
	(190, 781),
	(190, 782),
	(190, 783),
	(190, 784),
	(190, 785),
	(190, 786),
	(190, 787),
	(190, 788),
	(190, 789),
	(190, 790),
	(190, 791),
	(190, 792),
	(190, 793),
	(190, 794),
	(190, 795),
	(190, 796),
	(190, 1001),
	(190, 1002),
	(190, 1100),
	(191, 31),
	(191, 32),
	(191, 33),
	(191, 34),
	(191, 35),
	(191, 37),
	(191, 39),
	(191, 40),
	(191, 41),
	(191, 44),
	(191, 46),
	(191, 47),
	(191, 48),
	(191, 194),
	(191, 195),
	(191, 239),
	(191, 240),
	(191, 241),
	(191, 242),
	(191, 243),
	(191, 248),
	(191, 249),
	(191, 250),
	(191, 252),
	(191, 253),
	(191, 254),
	(191, 255),
	(191, 256),
	(191, 371),
	(191, 372),
	(191, 373),
	(191, 374),
	(191, 375),
	(191, 376),
	(191, 442),
	(191, 443),
	(191, 444),
	(191, 445),
	(191, 446),
	(191, 449),
	(191, 450),
	(191, 451),
	(191, 452),
	(191, 453),
	(191, 454),
	(191, 455),
	(191, 456),
	(191, 457),
	(191, 458),
	(191, 459),
	(191, 460),
	(191, 461),
	(191, 469),
	(191, 490),
	(191, 496),
	(191, 500),
	(191, 504),
	(191, 505),
	(191, 510),
	(191, 511),
	(191, 512),
	(191, 513),
	(191, 514),
	(191, 515),
	(191, 517),
	(191, 518),
	(191, 519),
	(191, 520),
	(191, 521),
	(191, 522),
	(191, 523),
	(191, 524),
	(191, 525),
	(191, 526),
	(191, 527),
	(191, 528),
	(191, 529),
	(191, 530),
	(191, 531),
	(191, 532),
	(191, 533),
	(191, 534),
	(191, 544),
	(191, 547),
	(191, 558),
	(191, 560),
	(191, 561),
	(191, 562),
	(191, 563),
	(191, 564),
	(191, 632),
	(191, 737),
	(191, 738),
	(191, 742),
	(191, 743),
	(191, 744),
	(191, 745),
	(191, 746),
	(191, 747),
	(191, 748),
	(191, 749),
	(191, 750),
	(191, 751),
	(191, 752),
	(191, 753),
	(191, 754),
	(191, 755),
	(191, 756),
	(191, 757),
	(191, 758),
	(191, 759),
	(191, 760),
	(192, 21),
	(192, 42),
	(192, 43),
	(192, 193),
	(192, 196),
	(192, 417),
	(192, 483),
	(192, 484),
	(192, 488),
	(192, 498),
	(192, 573),
	(192, 577),
	(192, 778),
	(192, 779),
	(192, 780),
	(192, 781),
	(192, 782),
	(192, 783),
	(192, 784),
	(192, 785),
	(192, 786),
	(192, 787),
	(192, 788),
	(192, 789),
	(192, 790),
	(192, 791),
	(192, 792),
	(192, 793),
	(192, 794),
	(192, 795),
	(192, 796),
	(192, 1001),
	(192, 1002),
	(192, 1100),
	(193, 31),
	(193, 32),
	(193, 33),
	(193, 34),
	(193, 35),
	(193, 37),
	(193, 39),
	(193, 40),
	(193, 41),
	(193, 44),
	(193, 46),
	(193, 47),
	(193, 48),
	(193, 194),
	(193, 197),
	(193, 198),
	(193, 239),
	(193, 240),
	(193, 241),
	(193, 242),
	(193, 243),
	(193, 252),
	(193, 253),
	(193, 254),
	(193, 255),
	(193, 256),
	(193, 300),
	(193, 301),
	(193, 302),
	(193, 303),
	(193, 304),
	(193, 305),
	(193, 306),
	(193, 307),
	(193, 308),
	(193, 309),
	(193, 310),
	(193, 311),
	(193, 312),
	(193, 313),
	(193, 314),
	(193, 315),
	(193, 316),
	(193, 317),
	(193, 318),
	(193, 319),
	(193, 320),
	(193, 321),
	(193, 322),
	(193, 323),
	(193, 324),
	(193, 325),
	(193, 326),
	(193, 327),
	(193, 328),
	(193, 329),
	(193, 330),
	(193, 331),
	(193, 332),
	(193, 333),
	(193, 334),
	(193, 335),
	(193, 336),
	(193, 337),
	(193, 338),
	(193, 339),
	(193, 371),
	(193, 372),
	(193, 373),
	(193, 374),
	(193, 375),
	(193, 376),
	(193, 417),
	(193, 418),
	(193, 442),
	(193, 443),
	(193, 444),
	(193, 445),
	(193, 446),
	(193, 449),
	(193, 450),
	(193, 451),
	(193, 452),
	(193, 453),
	(193, 454),
	(193, 455),
	(193, 456),
	(193, 457),
	(193, 458),
	(193, 459),
	(193, 460),
	(193, 461),
	(193, 466),
	(193, 467),
	(193, 468),
	(193, 488),
	(193, 498),
	(193, 500),
	(193, 522),
	(193, 523),
	(193, 524),
	(193, 525),
	(193, 570),
	(193, 571),
	(193, 572),
	(193, 573),
	(193, 574),
	(193, 575),
	(193, 576),
	(193, 577),
	(193, 578),
	(193, 579),
	(193, 580),
	(193, 581),
	(193, 582),
	(193, 583),
	(193, 584),
	(193, 585),
	(193, 586),
	(193, 587),
	(193, 588),
	(193, 589),
	(193, 590),
	(193, 591),
	(193, 592),
	(193, 593),
	(193, 594),
	(193, 595),
	(193, 596),
	(193, 597),
	(193, 598),
	(193, 599),
	(193, 601),
	(193, 632),
	(194, 1),
	(194, 2),
	(194, 11),
	(194, 13),
	(194, 14),
	(194, 15),
	(194, 16),
	(194, 17),
	(194, 18),
	(194, 19),
	(194, 20),
	(194, 22),
	(194, 23),
	(194, 25),
	(194, 26),
	(194, 27),
	(194, 28),
	(194, 29),
	(194, 30),
	(194, 36),
	(194, 38),
	(194, 51),
	(194, 195),
	(194, 471),
	(194, 798),
	(194, 1010),
	(194, 1011),
	(194, 1012),
	(194, 1013),
	(194, 1014),
	(194, 1015),
	(195, 3),
	(195, 4),
	(195, 5),
	(195, 6),
	(195, 24),
	(195, 25),
	(195, 26),
	(195, 27),
	(195, 28),
	(195, 29),
	(195, 30),
	(195, 49),
	(195, 199),
	(195, 414),
	(195, 494),
	(195, 513),
	(195, 1000),
	(195, 1010),
	(196, 200),
	(196, 201),
	(196, 226),
	(196, 227),
	(196, 230),
	(196, 231),
	(196, 233),
	(196, 234),
	(196, 235),
	(196, 238),
	(196, 239),
	(196, 240),
	(196, 241),
	(196, 242),
	(196, 243),
	(196, 244),
	(196, 245),
	(196, 246),
	(196, 247),
	(196, 248),
	(196, 249),
	(196, 250),
	(196, 251),
	(196, 252),
	(196, 253),
	(196, 254),
	(196, 255),
	(196, 256),
	(196, 257),
	(196, 258),
	(196, 259),
	(196, 260),
	(196, 261),
	(196, 262),
	(196, 264),
	(196, 265),
	(196, 266),
	(196, 267),
	(196, 268),
	(196, 269),
	(196, 270),
	(196, 271),
	(196, 272),
	(196, 279),
	(196, 280),
	(196, 283),
	(196, 287),
	(196, 288),
	(196, 289),
	(196, 290),
	(196, 291),
	(196, 292),
	(196, 293),
	(196, 294),
	(196, 295),
	(196, 296),
	(196, 297),
	(196, 298),
	(196, 299),
	(196, 302),
	(196, 303),
	(196, 304),
	(196, 305),
	(196, 306),
	(196, 307),
	(196, 308),
	(196, 309),
	(196, 310),
	(196, 313),
	(196, 314),
	(196, 319),
	(196, 320),
	(196, 321),
	(196, 322),
	(196, 323),
	(196, 324),
	(196, 325),
	(196, 326),
	(196, 327),
	(196, 328),
	(196, 329),
	(196, 330),
	(196, 331),
	(196, 332),
	(196, 333),
	(196, 334),
	(196, 335),
	(196, 336),
	(196, 337),
	(196, 338),
	(196, 339),
	(196, 340),
	(196, 341),
	(196, 342),
	(196, 343),
	(196, 344),
	(196, 345),
	(196, 346),
	(196, 347),
	(196, 348),
	(196, 349),
	(196, 350),
	(196, 351),
	(196, 352),
	(196, 353),
	(196, 354),
	(196, 355),
	(196, 356),
	(196, 357),
	(196, 358),
	(196, 359),
	(196, 360),
	(196, 361),
	(196, 362),
	(196, 363),
	(196, 364),
	(196, 365),
	(196, 366),
	(196, 373),
	(196, 375),
	(196, 400),
	(196, 401),
	(196, 402),
	(196, 403),
	(196, 404),
	(196, 405),
	(196, 406),
	(196, 407),
	(196, 417),
	(196, 418),
	(196, 419),
	(196, 420),
	(196, 421),
	(196, 422),
	(196, 423),
	(196, 424),
	(196, 425),
	(196, 426),
	(196, 427),
	(196, 428),
	(196, 429),
	(196, 434),
	(196, 435),
	(196, 436),
	(196, 437),
	(196, 438),
	(196, 439),
	(196, 440),
	(196, 441),
	(196, 442),
	(196, 443),
	(196, 444),
	(196, 445),
	(196, 446),
	(196, 447),
	(196, 448),
	(196, 449),
	(196, 450),
	(196, 451),
	(196, 452),
	(196, 453),
	(196, 454),
	(196, 455),
	(196, 456),
	(196, 457),
	(196, 458),
	(196, 459),
	(196, 461),
	(196, 463),
	(196, 464),
	(196, 465),
	(196, 472),
	(196, 473),
	(196, 474),
	(196, 475),
	(196, 476),
	(196, 477),
	(196, 478),
	(196, 488),
	(196, 489),
	(196, 491),
	(196, 492),
	(196, 493),
	(196, 495),
	(196, 497),
	(196, 498),
	(196, 499),
	(196, 500),
	(196, 502),
	(196, 503),
	(196, 505),
	(196, 508),
	(196, 511),
	(196, 513),
	(196, 514),
	(196, 516),
	(196, 519),
	(196, 522),
	(196, 523),
	(196, 526),
	(196, 527),
	(196, 529),
	(196, 530),
	(196, 533),
	(196, 535),
	(196, 536),
	(196, 537),
	(196, 538),
	(196, 539),
	(196, 540),
	(196, 541),
	(196, 556),
	(196, 581),
	(196, 582),
	(196, 592),
	(196, 593),
	(196, 596),
	(196, 602),
	(196, 603),
	(196, 604),
	(196, 605),
	(196, 606),
	(196, 607),
	(196, 608),
	(196, 609),
	(196, 610),
	(196, 611),
	(196, 612),
	(196, 613),
	(196, 614),
	(196, 615),
	(196, 616),
	(196, 617),
	(196, 618),
	(196, 619),
	(196, 620),
	(196, 621),
	(196, 622),
	(196, 623),
	(196, 624),
	(196, 625),
	(196, 626),
	(196, 627),
	(196, 628),
	(196, 629),
	(196, 630),
	(196, 631),
	(196, 633),
	(196, 634),
	(196, 635),
	(196, 636),
	(196, 637),
	(196, 638),
	(196, 639),
	(196, 640),
	(196, 641),
	(196, 642),
	(196, 643),
	(196, 644),
	(196, 645),
	(196, 646),
	(196, 647),
	(196, 648),
	(196, 649),
	(196, 650),
	(196, 651),
	(196, 652),
	(196, 653),
	(196, 654),
	(196, 655),
	(196, 656),
	(196, 657),
	(196, 658),
	(196, 659),
	(196, 660),
	(196, 661),
	(196, 662),
	(196, 663),
	(196, 664),
	(196, 665),
	(196, 666),
	(196, 667),
	(196, 668),
	(196, 669),
	(196, 670),
	(196, 671),
	(196, 672),
	(196, 673),
	(196, 674),
	(196, 675),
	(196, 676),
	(196, 677),
	(196, 678),
	(196, 679),
	(196, 680),
	(196, 681),
	(196, 682),
	(196, 683),
	(196, 684),
	(196, 685),
	(196, 686),
	(196, 687),
	(196, 688),
	(196, 689),
	(196, 690),
	(196, 691),
	(196, 692),
	(196, 693),
	(196, 694),
	(196, 695),
	(196, 696),
	(196, 697),
	(196, 698),
	(196, 699),
	(196, 700),
	(196, 701),
	(196, 702),
	(196, 703),
	(196, 704),
	(196, 705),
	(196, 706),
	(196, 707),
	(196, 708),
	(196, 709),
	(196, 710),
	(196, 711),
	(196, 712),
	(196, 713),
	(196, 714),
	(196, 715),
	(196, 716),
	(196, 717),
	(196, 718),
	(196, 719),
	(196, 721),
	(196, 722),
	(196, 723),
	(196, 724),
	(196, 725),
	(196, 726),
	(196, 727),
	(196, 728),
	(196, 729),
	(196, 730),
	(196, 733),
	(196, 734),
	(196, 735),
	(196, 736),
	(196, 738),
	(196, 739),
	(196, 748),
	(196, 753),
	(196, 757),
	(196, 773),
	(196, 777),
	(197, 232),
	(197, 236),
	(197, 237),
	(197, 273),
	(197, 274),
	(197, 275),
	(197, 276),
	(197, 277),
	(197, 284),
	(197, 285),
	(197, 286),
	(197, 301),
	(197, 311),
	(197, 387),
	(197, 388),
	(197, 389),
	(197, 390),
	(197, 391),
	(197, 392),
	(197, 393),
	(197, 394),
	(197, 395),
	(197, 396),
	(197, 397),
	(197, 398),
	(197, 399),
	(197, 479),
	(197, 480),
	(197, 481),
	(197, 482),
	(197, 485),
	(197, 486),
	(197, 487),
	(197, 494),
	(197, 506),
	(197, 509),
	(197, 510),
	(197, 517),
	(197, 518),
	(197, 521),
	(197, 542),
	(197, 543),
	(197, 550),
	(197, 558),
	(197, 568),
	(197, 571),
	(197, 572),
	(197, 573),
	(197, 574),
	(197, 575),
	(197, 576),
	(197, 577),
	(197, 578),
	(197, 579),
	(197, 580),
	(197, 583),
	(197, 584),
	(197, 585),
	(197, 586),
	(197, 587),
	(197, 588),
	(197, 589),
	(197, 590),
	(197, 591),
	(197, 594),
	(197, 595),
	(197, 601),
	(197, 743),
	(197, 750),
	(197, 758),
	(197, 761),
	(197, 762),
	(197, 763),
	(197, 764),
	(197, 765),
	(197, 766),
	(197, 767),
	(197, 768),
	(197, 769),
	(197, 770),
	(197, 771),
	(197, 772),
	(197, 774),
	(198, 218),
	(198, 300),
	(198, 312),
	(198, 315),
	(198, 316),
	(198, 317),
	(198, 318),
	(198, 367),
	(198, 368),
	(198, 369),
	(198, 370),
	(198, 371),
	(198, 372),
	(198, 374),
	(198, 376),
	(198, 377),
	(198, 378),
	(198, 379),
	(198, 380),
	(198, 381),
	(198, 382),
	(198, 383),
	(198, 384),
	(198, 385),
	(198, 386),
	(198, 408),
	(198, 409),
	(198, 410),
	(198, 411),
	(198, 412),
	(198, 413),
	(198, 414),
	(198, 415),
	(198, 416),
	(198, 430),
	(198, 431),
	(198, 432),
	(198, 433),
	(198, 462),
	(198, 466),
	(198, 467),
	(198, 468),
	(198, 469),
	(198, 470),
	(198, 471),
	(198, 483),
	(198, 490),
	(198, 504),
	(198, 512),
	(198, 515),
	(198, 520),
	(198, 524),
	(198, 528),
	(198, 531),
	(198, 532),
	(198, 544),
	(198, 545),
	(198, 546),
	(198, 547),
	(198, 548),
	(198, 549),
	(198, 551),
	(198, 552),
	(198, 553),
	(198, 554),
	(198, 555),
	(198, 557),
	(198, 559),
	(198, 560),
	(198, 561),
	(198, 562),
	(198, 563),
	(198, 564),
	(198, 565),
	(198, 566),
	(198, 567),
	(198, 569),
	(198, 570),
	(198, 597),
	(198, 598),
	(198, 599),
	(198, 600),
	(198, 737),
	(198, 740),
	(198, 741),
	(198, 742),
	(198, 744),
	(198, 745),
	(198, 746),
	(198, 747),
	(198, 749),
	(198, 751),
	(198, 752),
	(198, 754),
	(198, 755),
	(198, 756),
	(198, 759),
	(198, 760),
	(199, 217),
	(199, 221),
	(199, 222),
	(199, 223),
	(199, 225),
	(199, 263),
	(199, 496),
	(199, 501),
	(199, 507),
	(199, 525),
	(199, 534),
	(199, 797);


INSERT INTO `rbac_permissions` (`id`, `name`) VALUES
	(1, 'Instant logout'),
	(2, 'Skip Queue'),
	(3, 'Join Normal Battleground'),
	(4, 'Join Random Battleground'),
	(5, 'Join Arenas'),
	(6, 'Join Dungeon Finder'),
	(11, 'Log GM trades'),
	(13, 'Skip Instance required bosses check'),
	(14, 'Skip character creation team mask check'),
	(15, 'Skip character creation class mask check'),
	(16, 'Skip character creation race mask check'),
	(17, 'Skip character creation reserved name check'),
	(18, 'Skip character creation heroic min level check'),
	(19, 'Skip needed requirements to use channel check'),
	(20, 'Skip disable map check'),
	(21, 'Skip reset talents when used more than allowed check'),
	(22, 'Skip spam chat check'),
	(23, 'Skip over-speed ping check'),
	(24, 'Two side faction characters on the same account'),
	(25, 'Allow say chat between factions'),
	(26, 'Allow channel chat between factions'),
	(27, 'Two side mail interaction'),
	(28, 'See two side who list'),
	(29, 'Add friends of other faction'),
	(30, 'Save character without delay with .save command'),
	(31, 'Use params with .unstuck command'),
	(32, 'Can be assigned tickets with .assign ticket command'),
	(33, 'Notify if a command was not found'),
	(34, 'Check if should appear in list using .gm ingame command'),
	(35, 'See all security levels with who command'),
	(36, 'Filter whispers'),
	(37, 'Use staff badge in chat'),
	(38, 'Resurrect with full Health Points'),
	(39, 'Restore saved gm setting states'),
	(40, 'Allows to add a gm to friend list'),
	(41, 'Use Config option START_GM_LEVEL to assign new character level'),
	(42, 'Allows to use CMSG_WORLD_TELEPORT opcode'),
	(43, 'Allows to use CMSG_WHOIS opcode'),
	(44, 'Receive global GM messages/texts'),
	(45, 'Join channels without announce'),
	(46, 'Change channel settings without being channel moderator'),
	(47, 'Enables lower security than target check'),
	(48, 'Enable IP, Last Login and EMail output in pinfo'),
	(49, 'Forces to enter the email for confirmation on password change'),
	(50, 'Allow user to check his own email with .account'),
	(51, 'Allow trading between factions'),
	(190, 'rank 7'),
	(191, 'trial'),
	(192, 'Role: Sec Level Administrator'),
	(193, 'Role: Sec Level Gamemaster'),
	(194, 'Role: Sec Level Moderator'),
	(195, 'Role: Sec Level Player'),
	(196, 'Role: Administrator Commands'),
	(197, 'Role: Gamemaster Commands'),
	(198, 'Role: Moderator Commands'),
	(199, 'Role: Player Commands'),
	(200, 'Command: rbac'),
	(201, 'Command: rbac account'),
	(202, 'Command: rbac account list'),
	(203, 'Command: rbac account grant'),
	(204, 'Command: rbac account deny'),
	(205, 'Command: rbac account revoke'),
	(206, 'Command: rbac list'),
	(217, 'Command: account'),
	(218, 'Command: account addon'),
	(219, 'Command: account create'),
	(220, 'Command: account delete'),
	(221, 'Command: account lock'),
	(222, 'Command: account lock country'),
	(223, 'Command: account lock ip'),
	(224, 'Command: account onlinelist'),
	(225, 'Command: account password'),
	(226, 'Command: account set'),
	(227, 'Command: account set addon'),
	(228, 'Command: account set gmlevel'),
	(229, 'Command: account set password'),
	(230, 'Command: achievement'),
	(231, 'Command: achievement add'),
	(232, 'Command: arena'),
	(233, 'Command: arena captain'),
	(234, 'Command: arena create'),
	(235, 'Command: arena disband'),
	(236, 'Command: arena info'),
	(237, 'Command: arena lookup'),
	(238, 'Command: arena rename'),
	(239, 'Command: ban'),
	(240, 'Command: ban account'),
	(241, 'Command: ban character'),
	(242, 'Command: ban ip'),
	(243, 'Command: ban playeraccount'),
	(244, 'Command: baninfo'),
	(245, 'Command: baninfo account'),
	(246, 'Command: baninfo character'),
	(247, 'Command: baninfo ip'),
	(248, 'Command: banlist'),
	(249, 'Command: banlist account'),
	(250, 'Command: banlist character'),
	(251, 'Command: banlist ip'),
	(252, 'Command: unban'),
	(253, 'Command: unban account'),
	(254, 'Command: unban character'),
	(255, 'Command: unban ip'),
	(256, 'Command: unban playeraccount'),
	(257, 'Command: bf'),
	(258, 'Command: bf start'),
	(259, 'Command: bf stop'),
	(260, 'Command: bf switch'),
	(261, 'Command: bf timer'),
	(262, 'Command: bf enable'),
	(263, 'Command: account email'),
	(264, 'Command: account set sec'),
	(265, 'Command: account set sec email'),
	(266, 'Command: account set sec regmail'),
	(267, 'Command: cast'),
	(268, 'Command: cast back'),
	(269, 'Command: cast dist'),
	(270, 'Command: cast self'),
	(271, 'Command: cast target'),
	(272, 'Command: cast dest'),
	(273, 'Command: character'),
	(274, 'Command: character customize'),
	(275, 'Command: character changefaction'),
	(276, 'Command: character changerace'),
	(277, 'Command: character deleted'),
	(279, 'Command: character deleted list'),
	(280, 'Command: character deleted restore'),
	(283, 'Command: character level'),
	(284, 'Command: character rename'),
	(285, 'Command: character reputation'),
	(286, 'Command: character titles'),
	(287, 'Command: levelup'),
	(288, 'Command: pdump'),
	(289, 'Command: pdump load'),
	(290, 'Command: pdump write'),
	(291, 'Command: cheat'),
	(292, 'Command: cheat casttime'),
	(293, 'Command: cheat cooldown'),
	(294, 'Command: cheat explore'),
	(295, 'Command: cheat god'),
	(296, 'Command: cheat power'),
	(297, 'Command: cheat status'),
	(298, 'Command: cheat taxi'),
	(299, 'Command: cheat waterwalk'),
	(300, 'Command: debug'),
	(301, 'Command: debug anim'),
	(302, 'Command: debug areatriggers'),
	(303, 'Command: debug arena'),
	(304, 'Command: debug bg'),
	(305, 'Command: debug entervehicle'),
	(306, 'Command: debug getitemstate'),
	(307, 'Command: debug getitemvalue'),
	(308, 'Command: debug getvalue'),
	(309, 'Command: debug hostil'),
	(310, 'Command: debug itemexpire'),
	(311, 'Command: debug lootrecipient'),
	(312, 'Command: debug los'),
	(313, 'Command: debug mod32value'),
	(314, 'Command: debug moveflags'),
	(315, 'Command: debug play'),
	(316, 'Command: debug play cinematics'),
	(317, 'Command: debug play movie'),
	(318, 'Command: debug play sound'),
	(319, 'Command: debug send'),
	(320, 'Command: debug send buyerror'),
	(321, 'Command: debug send channelnotify'),
	(322, 'Command: debug send chatmessage'),
	(323, 'Command: debug send equiperror'),
	(324, 'Command: debug send largepacket'),
	(325, 'Command: debug send opcode'),
	(326, 'Command: debug send qinvalidmsg'),
	(327, 'Command: debug send qpartymsg'),
	(328, 'Command: debug send sellerror'),
	(329, 'Command: debug send setphaseshift'),
	(330, 'Command: debug send spellfail'),
	(331, 'Command: debug setaurastate'),
	(332, 'Command: debug setbit'),
	(333, 'Command: debug setitemvalue'),
	(334, 'Command: debug setvalue'),
	(335, 'Command: debug setvid'),
	(336, 'Command: debug spawnvehicle'),
	(337, 'Command: debug threat'),
	(338, 'Command: debug update'),
	(339, 'Command: debug uws'),
	(340, 'Command: wpgps'),
	(341, 'Command: deserter'),
	(342, 'Command: deserter bg'),
	(343, 'Command: deserter bg add'),
	(344, 'Command: deserter bg remove'),
	(345, 'Command: deserter instance'),
	(346, 'Command: deserter instance add'),
	(347, 'Command: deserter instance remove'),
	(348, 'Command: disable'),
	(349, 'Command: disable add'),
	(350, 'Command: disable add achievement_criteria'),
	(351, 'Command: disable add battleground'),
	(352, 'Command: disable add map'),
	(353, 'Command: disable add mmap'),
	(354, 'Command: disable add outdoorpvp'),
	(355, 'Command: disable add quest'),
	(356, 'Command: disable add spell'),
	(357, 'Command: disable add vmap'),
	(358, 'Command: disable remove'),
	(359, 'Command: disable remove achievement_criteria'),
	(360, 'Command: disable remove battleground'),
	(361, 'Command: disable remove map'),
	(362, 'Command: disable remove mmap'),
	(363, 'Command: disable remove outdoorpvp'),
	(364, 'Command: disable remove quest'),
	(365, 'Command: disable remove spell'),
	(366, 'Command: disable remove vmap'),
	(367, 'Command: event'),
	(368, 'Command: event activelist'),
	(369, 'Command: event start'),
	(370, 'Command: event stop'),
	(371, 'Command: gm'),
	(372, 'Command: gm chat'),
	(373, 'Command: gm fly'),
	(374, 'Command: gm ingame'),
	(375, 'Command: gm list'),
	(376, 'Command: gm visible'),
	(377, 'Command: go'),
	(378, 'Command: go creature'),
	(379, 'Command: go graveyard'),
	(380, 'Command: go grid'),
	(381, 'Command: go object'),
	(382, 'Command: go taxinode'),
	(383, 'Command: go ticket'),
	(384, 'Command: go trigger'),
	(385, 'Command: go xyz'),
	(386, 'Command: go zonexy'),
	(387, 'Command: gobject'),
	(388, 'Command: gobject activate'),
	(389, 'Command: gobject add'),
	(390, 'Command: gobject add temp'),
	(391, 'Command: gobject delete'),
	(392, 'Command: gobject info'),
	(393, 'Command: gobject move'),
	(394, 'Command: gobject near'),
	(395, 'Command: gobject set'),
	(396, 'Command: gobject set phase'),
	(397, 'Command: gobject set state'),
	(398, 'Command: gobject target'),
	(399, 'Command: gobject turn'),
	(400, 'debug transport'),
	(401, 'Command: guild'),
	(402, 'Command: guild create'),
	(403, 'Command: guild delete'),
	(404, 'Command: guild invite'),
	(405, 'Command: guild uninvite'),
	(406, 'Command: guild rank'),
	(407, 'Command: guild rename'),
	(408, 'Command: honor'),
	(409, 'Command: honor add'),
	(410, 'Command: honor add kill'),
	(411, 'Command: honor update'),
	(412, 'Command: instance'),
	(413, 'Command: instance listbinds'),
	(414, 'Command: instance unbind'),
	(415, 'Command: instance stats'),
	(416, 'Command: instance savedata'),
	(417, 'Command: learn'),
	(418, 'Command: learn all'),
	(419, 'Command: learn all my'),
	(420, 'Command: learn all my class'),
	(421, 'Command: learn all my pettalents'),
	(422, 'Command: learn all my spells'),
	(423, 'Command: learn all my talents'),
	(424, 'Command: learn all gm'),
	(425, 'Command: learn all crafts'),
	(426, 'Command: learn all default'),
	(427, 'Command: learn all lang'),
	(428, 'Command: learn all recipes'),
	(429, 'Command: unlearn'),
	(430, 'Command: lfg'),
	(431, 'Command: lfg player'),
	(432, 'Command: lfg group'),
	(433, 'Command: lfg queue'),
	(434, 'Command: lfg clean'),
	(435, 'Command: lfg options'),
	(436, 'Command: list'),
	(437, 'Command: list creature'),
	(438, 'Command: list item'),
	(439, 'Command: list object'),
	(440, 'Command: list auras'),
	(441, 'Command: list mail'),
	(442, 'Command: lookup'),
	(443, 'Command: lookup area'),
	(444, 'Command: lookup creature'),
	(445, 'Command: lookup event'),
	(446, 'Command: lookup faction'),
	(447, 'Command: lookup item'),
	(448, 'Command: lookup itemset'),
	(449, 'Command: lookup object'),
	(450, 'Command: lookup quest'),
	(451, 'Command: lookup player'),
	(452, 'Command: lookup player ip'),
	(453, 'Command: lookup player account'),
	(454, 'Command: lookup player email'),
	(455, 'Command: lookup skill'),
	(456, 'Command: lookup spell'),
	(457, 'Command: lookup spell id'),
	(458, 'Command: lookup taxinode'),
	(459, 'Command: lookup tele'),
	(460, 'Command: lookup title'),
	(461, 'Command: lookup map'),
	(462, 'Command: announce'),
	(463, 'Command: channel'),
	(464, 'Command: channel set'),
	(465, 'Command: channel set ownership'),
	(466, 'Command: gmannounce'),
	(467, 'Command: gmnameannounce'),
	(468, 'Command: gmnotify'),
	(469, 'Command: nameannounce'),
	(470, 'Command: notify'),
	(471, 'Command: whispers'),
	(472, 'Command: group'),
	(473, 'Command: group leader'),
	(474, 'Command: group disband'),
	(475, 'Command: group remove'),
	(476, 'Command: group join'),
	(477, 'Command: group list'),
	(478, 'Command: group summon'),
	(479, 'Command: pet'),
	(480, 'Command: pet create'),
	(481, 'Command: pet learn'),
	(482, 'Command: pet unlearn'),
	(483, 'Command: send'),
	(484, 'Command: send items'),
	(485, 'Command: send mail'),
	(486, 'Command: send message'),
	(487, 'Command: send money'),
	(488, 'Command: additem'),
	(489, 'Command: additemset'),
	(490, 'Command: appear'),
	(491, 'Command: aura'),
	(492, 'Command: bank'),
	(493, 'Command: bindsight'),
	(494, 'Command: combatstop'),
	(495, 'Command: cometome'),
	(496, 'Command: commands'),
	(497, 'Command: cooldown'),
	(498, 'Command: damage'),
	(499, 'Command: dev'),
	(500, 'Command: die'),
	(501, 'Command: dismount'),
	(502, 'Command: distance'),
	(503, 'Command: flusharenapoints'),
	(504, 'Command: freeze'),
	(505, 'Command: gps'),
	(506, 'Command: guid'),
	(507, 'Command: help'),
	(508, 'Command: hidearea'),
	(509, 'Command: itemmove'),
	(510, 'Command: kick'),
	(511, 'Command: linkgrave'),
	(512, 'Command: listfreeze'),
	(513, 'Command: maxskill'),
	(514, 'Command: movegens'),
	(515, 'Command: mute'),
	(516, 'Command: neargrave'),
	(517, 'Command: pinfo'),
	(518, 'Command: playall'),
	(519, 'Command: possess'),
	(520, 'Command: recall'),
	(521, 'Command: repairitems'),
	(522, 'Command: respawn'),
	(523, 'Command: revive'),
	(524, 'Command: saveall'),
	(525, 'Command: save'),
	(526, 'Command: setskill'),
	(527, 'Command: showarea'),
	(528, 'Command: summon'),
	(529, 'Command: unaura'),
	(530, 'Command: unbindsight'),
	(531, 'Command: unfreeze'),
	(532, 'Command: unmute'),
	(533, 'Command: unpossess'),
	(534, 'Command: unstuck'),
	(535, 'Command: wchange'),
	(536, 'Command: mmap'),
	(537, 'Command: mmap loadedtiles'),
	(538, 'Command: mmap loc'),
	(539, 'Command: mmap path'),
	(540, 'Command: mmap stats'),
	(541, 'Command: mmap testarea'),
	(542, 'Command: morph'),
	(543, 'Command: demorph'),
	(544, 'Command: modify'),
	(545, 'Command: modify arenapoints'),
	(546, 'Command: modify bit'),
	(547, 'Command: modify drunk'),
	(548, 'Command: modify energy'),
	(549, 'Command: modify faction'),
	(550, 'Command: modify gender'),
	(551, 'Command: modify honor'),
	(552, 'Command: modify hp'),
	(553, 'Command: modify mana'),
	(554, 'Command: modify money'),
	(555, 'Command: modify mount'),
	(556, 'Command: modify phase'),
	(557, 'Command: modify rage'),
	(558, 'Command: modify reputation'),
	(559, 'Command: modify runicpower'),
	(560, 'Command: modify scale'),
	(561, 'Command: modify speed'),
	(562, 'Command: modify speed all'),
	(563, 'Command: modify speed backwalk'),
	(564, 'Command: modify speed fly'),
	(565, 'Command: modify speed walk'),
	(566, 'Command: modify speed swim'),
	(567, 'Command: modify spell'),
	(568, 'Command: modify standstate'),
	(569, 'Command: modify talentpoints'),
	(570, 'Command: npc'),
	(571, 'Command: npc add'),
	(572, 'Command: npc add formation'),
	(573, 'Command: npc add item'),
	(574, 'Command: npc add move'),
	(575, 'Command: npc add temp'),
	(576, 'Command: npc add delete'),
	(577, 'Command: npc add delete item'),
	(578, 'Command: npc add follow'),
	(579, 'Command: npc add follow stop'),
	(580, 'Command: npc set'),
	(581, 'Command: npc set allowmove'),
	(582, 'Command: npc set entry'),
	(583, 'Command: npc set factionid'),
	(584, 'Command: npc set flag'),
	(585, 'Command: npc set level'),
	(586, 'Command: npc set link'),
	(587, 'Command: npc set model'),
	(588, 'Command: npc set movetype'),
	(589, 'Command: npc set phase'),
	(590, 'Command: npc set spawndist'),
	(591, 'Command: npc set spawntime'),
	(592, 'Command: npc set data'),
	(593, 'Command: npc info'),
	(594, 'Command: npc near'),
	(595, 'Command: npc move'),
	(596, 'Command: npc playemote'),
	(597, 'Command: npc say'),
	(598, 'Command: npc textemote'),
	(599, 'Command: npc whisper'),
	(600, 'Command: npc yell'),
	(601, 'Command: npc tame'),
	(602, 'Command: quest'),
	(603, 'Command: quest add'),
	(604, 'Command: quest complete'),
	(605, 'Command: quest remove'),
	(606, 'Command: quest reward'),
	(607, 'Command: reload'),
	(608, 'Command: reload access_requirement'),
	(609, 'Command: reload achievement_criteria_data'),
	(610, 'Command: reload achievement_reward'),
	(611, 'Command: reload all'),
	(612, 'Command: reload all achievement'),
	(613, 'Command: reload all area'),
	(614, 'Command: broadcast_text'),
	(615, 'Command: reload all gossips'),
	(616, 'Command: reload all item'),
	(617, 'Command: reload all locales'),
	(618, 'Command: reload all loot'),
	(619, 'Command: reload all npc'),
	(620, 'Command: reload all quest'),
	(621, 'Command: reload all scripts'),
	(622, 'Command: reload all spell'),
	(623, 'Command: reload areatrigger_involvedrelation'),
	(624, 'Command: reload areatrigger_tavern'),
	(625, 'Command: reload areatrigger_teleport'),
	(626, 'Command: reload auctions'),
	(627, 'Command: reload autobroadcast'),
	(628, 'Command: reload command'),
	(629, 'Command: reload conditions'),
	(630, 'Command: reload config'),
	(631, 'Command: reload battleground_template'),
	(632, 'Command: .mutehistory'),
	(633, 'Command: reload creature_linked_respawn'),
	(634, 'Command: reload creature_loot_template'),
	(635, 'Command: reload creature_onkill_reputation'),
	(636, 'Command: reload creature_questender'),
	(637, 'Command: reload creature_queststarter'),
	(638, 'Command: reload creature_summon_groups'),
	(639, 'Command: reload creature_template'),
	(640, 'Command: reload creature_text'),
	(641, 'Command: reload disables'),
	(642, 'Command: reload disenchant_loot_template'),
	(643, 'Command: reload event_scripts'),
	(644, 'Command: reload fishing_loot_template'),
	(645, 'Command: reload game_graveyard_zone'),
	(646, 'Command: reload game_tele'),
	(647, 'Command: reload gameobject_questender'),
	(648, 'Command: reload gameobject_loot_template'),
	(649, 'Command: reload gameobject_queststarter'),
	(650, 'Command: reload gm_tickets'),
	(651, 'Command: reload gossip_menu'),
	(652, 'Command: reload gossip_menu_option'),
	(653, 'Command: reload item_enchantment_template'),
	(654, 'Command: reload item_loot_template'),
	(655, 'Command: reload item_set_names'),
	(656, 'Command: reload lfg_dungeon_rewards'),
	(657, 'Command: reload locales_achievement_reward'),
	(658, 'Command: reload locales_creature'),
	(659, 'Command: reload locales_creature_text'),
	(660, 'Command: reload locales_gameobject'),
	(661, 'Command: reload locales_gossip_menu_option'),
	(662, 'Command: reload locales_item'),
	(663, 'Command: reload locales_item_set_name'),
	(664, 'Command: reload locales_npc_text'),
	(665, 'Command: reload locales_page_text'),
	(666, 'Command: reload locales_points_of_interest'),
	(667, 'Command: reload locales_quest'),
	(668, 'Command: reload mail_level_reward'),
	(669, 'Command: reload mail_loot_template'),
	(670, 'Command: reload milling_loot_template'),
	(671, 'Command: reload npc_spellclick_spells'),
	(672, 'Command: reload npc_trainer'),
	(673, 'Command: reload npc_vendor'),
	(674, 'Command: reload page_text'),
	(675, 'Command: reload pickpocketing_loot_template'),
	(676, 'Command: reload points_of_interest'),
	(677, 'Command: reload prospecting_loot_template'),
	(678, 'Command: reload quest_poi'),
	(679, 'Command: reload quest_template'),
	(680, 'Command: reload rbac'),
	(681, 'Command: reload reference_loot_template'),
	(682, 'Command: reload reserved_name'),
	(683, 'Command: reload reputation_reward_rate'),
	(684, 'Command: reload reputation_spillover_template'),
	(685, 'Command: reload skill_discovery_template'),
	(686, 'Command: reload skill_extra_item_template'),
	(687, 'Command: reload skill_fishing_base_level'),
	(688, 'Command: reload skinning_loot_template'),
	(689, 'Command: reload smart_scripts'),
	(690, 'Command: reload spell_required'),
	(691, 'Command: reload spell_area'),
	(692, 'Command: reload spell_bonus_data'),
	(693, 'Command: reload spell_group'),
	(694, 'Command: reload spell_learn_spell'),
	(695, 'Command: reload spell_loot_template'),
	(696, 'Command: reload spell_linked_spell'),
	(697, 'Command: reload spell_pet_auras'),
	(698, 'Command: reload spell_proc_event'),
	(699, 'Command: reload spell_proc'),
	(700, 'Command: reload spell_scripts'),
	(701, 'Command: reload spell_target_position'),
	(702, 'Command: reload spell_threats'),
	(703, 'Command: reload spell_group_stack_rules'),
	(704, 'Command: reload trinity_string'),
	(705, 'Command: reload warden_action'),
	(706, 'Command: reload waypoint_scripts'),
	(707, 'Command: reload waypoint_data'),
	(708, 'Command: reload vehicle_accessory'),
	(709, 'Command: reload vehicle_template_accessory'),
	(710, 'Command: reset'),
	(711, 'Command: reset achievements'),
	(712, 'Command: reset honor'),
	(713, 'Command: reset level'),
	(714, 'Command: reset spells'),
	(715, 'Command: reset stats'),
	(716, 'Command: reset talents'),
	(717, 'Command: reset all'),
	(718, 'Command: server'),
	(719, 'Command: server corpses'),
	(720, 'Command: server exit'),
	(721, 'Command: server idlerestart'),
	(722, 'Command: server idlerestart cancel'),
	(723, 'Command: server idleshutdown'),
	(724, 'Command: server idleshutdown cancel'),
	(725, 'Command: server info'),
	(726, 'Command: server plimit'),
	(727, 'Command: server restart'),
	(728, 'Command: server restart cancel'),
	(729, 'Command: server set'),
	(730, 'Command: server set closed'),
	(731, 'Command: server set difftime'),
	(732, 'Command: server set loglevel'),
	(733, 'Command: server set motd'),
	(734, 'Command: server shutdown'),
	(735, 'Command: server shutdown cancel'),
	(736, 'Command: server motd'),
	(737, 'Command: tele'),
	(738, 'Command: tele add'),
	(739, 'Command: tele del'),
	(740, 'Command: tele name'),
	(741, 'Command: tele group'),
	(742, 'Command: ticket'),
	(743, 'Command: ticket assign'),
	(744, 'Command: ticket close'),
	(745, 'Command: ticket closedlist'),
	(746, 'Command: ticket comment'),
	(747, 'Command: ticket complete'),
	(748, 'Command: ticket delete'),
	(749, 'Command: ticket escalate'),
	(750, 'Command: ticket escalatedlist'),
	(751, 'Command: ticket list'),
	(752, 'Command: ticket onlinelist'),
	(753, 'Command: ticket reset'),
	(754, 'Command: ticket response'),
	(755, 'Command: ticket response append'),
	(756, 'Command: ticket response appendln'),
	(757, 'Command: ticket togglesystem'),
	(758, 'Command: ticket unassign'),
	(759, 'Command: ticket viewid'),
	(760, 'Command: ticket viewname'),
	(761, 'Command: titles'),
	(762, 'Command: titles add'),
	(763, 'Command: titles current'),
	(764, 'Command: titles remove'),
	(765, 'Command: titles set'),
	(766, 'Command: titles set mask'),
	(767, 'Command: wp'),
	(768, 'Command: wp add'),
	(769, 'Command: wp event'),
	(770, 'Command: wp load'),
	(771, 'Command: wp modify'),
	(772, 'Command: wp unload'),
	(773, 'Command: wp reload'),
	(774, 'Command: wp show'),
	(777, 'Command: mailbox'),
	(778, 'Command: ahbot'),
	(779, 'Command: ahbot items'),
	(780, 'Command: ahbot items gray'),
	(781, 'Command: ahbot items white'),
	(782, 'Command: ahbot items green'),
	(783, 'Command: ahbot items blue'),
	(784, 'Command: ahbot items purple'),
	(785, 'Command: ahbot items orange'),
	(786, 'Command: ahbot items yellow'),
	(787, 'Command: ahbot ratio'),
	(788, 'Command: ahbot ratio alliance'),
	(789, 'Command: ahbot ratio horde'),
	(790, 'Command: ahbot ratio neutral'),
	(791, 'Command: ahbot rebuild'),
	(792, 'Command: ahbot reload'),
	(793, 'Command: ahbot status'),
	(794, 'Command: .guild info'),
	(795, 'Command: .instance setbossstate'),
	(796, 'Command: instance getbossstate'),
	(797, 'Command: pvpstats'),
	(798, 'Command: .mod xp'),
	(1000, 'Command: guild linfo'),
	(1001, 'Command: guild setlevel'),
	(1002, 'Command: guild givexp'),
	(1010, 'vip act buff world'),
	(1011, 'all vip comands'),
	(1012, 'vip changefaction'),
	(1013, 'vip maxskill'),
	(1014, 'vip customize'),
	(1015, 'vip instance'),
	(1100, 'event');


